Priority,Product,Tab,Row,Module,Endpoint,Path,Method,MethodFrom,NeedsConfirming,FillCell,Request,HasResponse,Action
P1,kmail-api,KMAILAPI,16,Kmail,,/common/frequentKmailContact/,POST,method-column,yes,KMAILAPI!C16,no payload,yes,"Resolve the method conflict: method-conflict: column says POST, request cell says GET."
P1,kmail-api,KMAILAPI,17,Kmail,,/common/unOpenedMailCountBySenderID/,POST,method-column,yes,KMAILAPI!C17,no payload,yes,"Resolve the method conflict: method-conflict: column says POST, request cell says GET."
P1,kmail-api,KMAILAPI,18,Kmail,,/common/miscellaneousContacts/,POST,method-column,yes,KMAILAPI!C18,no payload,yes,"Resolve the method conflict: method-conflict: column says POST, request cell says GET."
P1,kmail-api,KMAILAPI,23,Kmail,,/sentMail/loadOtherDomainMails/,POST,method-column,yes,KMAILAPI!C23,no payload,yes,"Resolve the method conflict: method-conflict: column says POST, request cell says GET."
P1,kmail-api,KMAILAPI,25,Kmail,,/draft/getAllDraftMails/,POST,method-column,yes,KMAILAPI!C25,no payload,yes,"Resolve the method conflict: method-conflict: column says POST, request cell says GET."
P1,kmail-api,KMAILAPI,26,Kmail,,/draft/getDraftMailsContacts/,POST,method-column,yes,KMAILAPI!C26,no payload,yes,"Resolve the method conflict: method-conflict: column says POST, request cell says GET."
P1,kmail-api,KMAILAPI,58,Kmail,,/readMail/download/{uuid},POST,method-column,yes,KMAILAPI!C58,no payload,no,"Resolve the method conflict: method-conflict: column says POST, request cell says GET."
P1,kpost-api,KatchupAPI,3,Signup,fetchUserDetails,/v2/profile/fetchUserDetails/,POST,payload-rule,yes,KatchupAPI!Q3,payload,yes,"Confirm the method (POST, derived): one payload documented for two endpoints in this row - confirm it fits both."
P1,kpost-api,KatchupAPI,3,Signup,,/v2/signupLogin/fetchUserDetails/,POST,payload-rule,yes,KatchupAPI!Q3,payload,yes,"Confirm the method (POST, derived): one payload documented for two endpoints in this row - confirm it fits both."
P1,kpost-api,KatchupAPI,4,,userLogin,/v2/signupLogin/userLogin/,POST,payload-rule,yes,KatchupAPI!Q4,payload (sample broken),yes,"Confirm the method (POST, derived): derived POST from a payload whose sample JSON does not parse."
P1,kpost-api,KatchupAPI,8,common,sendOTP,/v2/common/sendOTP/,POST,payload-rule,yes,KatchupAPI!Q8,payload (sample broken),yes,"Confirm the method (POST, derived): derived POST from a payload whose sample JSON does not parse."
P1,kpost-api,KatchupAPI,17,Signup,signup,/v2/signupLogin/signup/,POST,payload-rule,yes,KatchupAPI!Q17,payload (sample broken),yes,"Confirm the method (POST, derived): derived POST from a payload whose sample JSON does not parse."
P1,kpost-api,KatchupAPI,37,katchup,sendMessage,/v2/katchup/sendMessage/,POST,payload-rule,yes,KatchupAPI!Q37,payload (sample broken),yes,"Confirm the method (POST, derived): derived POST from a payload whose sample JSON does not parse."
P1,kpost-api,KatchupAPI,44,katchup,deleteKatchUpMessage,/v2/katchup/deleteKatchUpMessage/,POST,payload-rule,yes,KatchupAPI!Q44,payload (sample broken),yes,"Confirm the method (POST, derived): derived POST from the payload - DELETE is also plausible for this name; derived POST from a payload whose sample JSON does not parse."
P1,kpost-api,KatchupAPI,47,group,removeGroupMember,/v2/group/removeGroupMember/,POST,payload-rule,yes,KatchupAPI!Q47,payload,yes,"Confirm the method (POST, derived): derived POST from the payload - DELETE is also plausible for this name."
P1,kpost-api,KatchupAPI,66,,updateProfileImage,/v2/profile/updateProfileImage/,POST,payload-rule,yes,KatchupAPI!Q66,file upload,yes,"Confirm the method (POST, derived): derived POST from the payload - PUT is also plausible for this name."
P1,kpost-api,KatchupAPI,72,,,/v2/contacts/deleteContact/,POST,payload-rule,yes,KatchupAPI!Q72,payload,yes,"Confirm the method (POST, derived): derived POST from the payload - DELETE is also plausible for this name."
P1,kpost-api,KatchupAPI,73,,,/v2/contacts/blockOrUnBlockContact/,POST,payload-rule,yes,KatchupAPI!Q73,payload (sample broken),no,"Confirm the method (POST, derived): derived POST from a payload whose sample JSON does not parse."
P1,kpost-api,KatchupAPI,81,,,/v2/profile/updateDesignation,POST,payload-rule,yes,KatchupAPI!Q81,payload,yes,"Confirm the method (POST, derived): derived POST from the payload - PUT is also plausible for this name."
P1,kpost-api,KatchupAPI,84,KALLv2  Kool Kall & individual Kool,,/v2/kall/updateKallStatus,POST,payload-rule,yes,KatchupAPI!Q84,payload,no,"Confirm the method (POST, derived): derived POST from the payload - PUT is also plausible for this name."
P1,kpost-api,KatchupAPI,96,KALLv2,,/v2/kall/contactInfo/,POST,payload-rule,yes,KatchupAPI!Q96,payload (sample broken),yes,"Confirm the method (POST, derived): derived POST from a payload whose sample JSON does not parse."
P1,kpost-api,KatchupAPI,101,Group,,/v2/group/updateGroupProfileImage/,POST,payload-rule,yes,KatchupAPI!Q101,payload,yes,"Confirm the method (POST, derived): derived POST from the payload - PUT is also plausible for this name."
P1,kpost-api,KatchupAPI,102,Group,,/v2/group/removeGroupProfileImage,POST,payload-rule,yes,KatchupAPI!Q102,payload,yes,"Confirm the method (POST, derived): derived POST from the payload - DELETE is also plausible for this name."
P1,kpost-api,KatchupAPI,104,Group,,/v2/group/editGroupName,POST,payload-rule,yes,KatchupAPI!Q104,payload,yes,"Confirm the method (POST, derived): derived POST from the payload - PUT is also plausible for this name."
P1,kpost-api,KatchupAPI,105,profile,,/v2/profile/updateAboutYourself/,POST,payload-rule,yes,KatchupAPI!Q105,payload,yes,"Confirm the method (POST, derived): derived POST from the payload - PUT is also plausible for this name."
P1,kpost-api,KatchupAPI,106,profile,,/v2/profile/updateContactInformation/,POST,payload-rule,yes,KatchupAPI!Q106,payload,yes,"Confirm the method (POST, derived): derived POST from the payload - PUT is also plausible for this name."
P1,kpost-api,KatchupAPI,112,profile,,/v2/profile/updateBasicInformation/,POST,payload-rule,yes,KatchupAPI!Q112,payload,yes,"Confirm the method (POST, derived): derived POST from the payload - PUT is also plausible for this name."
P1,kpost-api,KatchupAPI,126,profile,,/v2/profile/updateDeviceAsPrimary/,POST,payload-rule,yes,KatchupAPI!Q126,payload,no,"Confirm the method (POST, derived): derived POST from the payload - PUT is also plausible for this name."
P1,kpost-api,KatchupAPI,131,profile,,/v2/profile/updateDeviceAsSecondary,POST,payload-rule,yes,KatchupAPI!Q131,payload,no,"Confirm the method (POST, derived): derived POST from the payload - PUT is also plausible for this name."
P1,kpost-api,KatchupAPI,136,KALL,,/v2/kall/scheduledRepeatKall,POST,payload-rule,yes,KatchupAPI!Q136,payload (sample broken),no,"Confirm the method (POST, derived): derived POST from a payload whose sample JSON does not parse."
P1,kpost-api,KatchupAPI,147,profile,,/v2/profile/deleteCollegeDetail,POST,payload-rule,yes,KatchupAPI!Q147,payload,no,"Confirm the method (POST, derived): derived POST from the payload - DELETE is also plausible for this name."
P1,kpost-api,KatchupAPI,148,profile,,/v2/profile/deleteSchoolDetail,POST,payload-rule,yes,KatchupAPI!Q148,payload,no,"Confirm the method (POST, derived): derived POST from the payload - DELETE is also plausible for this name."
P1,kpost-api,KatchupAPI,149,profile,,/v2/profile/deleteUniversityDetail,POST,payload-rule,yes,KatchupAPI!Q149,payload,no,"Confirm the method (POST, derived): derived POST from the payload - DELETE is also plausible for this name."
P1,kpost-api,KatchupAPI,150,profile,,/v2/profile/deleteExperienceDetail,POST,payload-rule,yes,KatchupAPI!Q150,payload,no,"Confirm the method (POST, derived): derived POST from the payload - DELETE is also plausible for this name."
P1,kpost-api,KatchupAPI,165,Katchup,,/v2/katchup/filterKatchUpMessage/,POST,payload-rule,yes,KatchupAPI!Q165,payload (sample broken),yes,"Confirm the method (POST, derived): derived POST from a payload whose sample JSON does not parse."
P1,kpost-api,KatchupAPI,167,kall,,/v2/kall/updateSenderAndReceiverKallStatus,POST,payload-rule,yes,KatchupAPI!Q167,payload,no,"Confirm the method (POST, derived): derived POST from the payload - PUT is also plausible for this name."
P1,kpost-api,KatchupAPI,168,"Business,Institution sigunp",,/v2/signupLogin/adminRegistration/,POST,payload-rule,yes,KatchupAPI!Q168,payload (sample broken),yes,"Confirm the method (POST, derived): derived POST from a payload whose sample JSON does not parse."
P1,kpost-api,KatchupAPI,170,Admin,,/admin/addingUserByAdmin/,POST,payload-rule,yes,KatchupAPI!Q170,payload (sample broken),yes,"Confirm the method (POST, derived): derived POST from a payload whose sample JSON does not parse."
P1,kpost-api,KatchupAPI,177,Admin,,/common/updateCompanyLogo,POST,payload-rule,yes,KatchupAPI!Q177,payload,yes,"Confirm the method (POST, derived): derived POST from the payload - PUT is also plausible for this name."
P1,kpost-api,KatchupAPI,179,Admin,,/admin/removeCompanyLogo,POST,payload-rule,yes,KatchupAPI!Q179,payload,yes,"Confirm the method (POST, derived): derived POST from the payload - DELETE is also plausible for this name."
P1,kpost-api,KatchupAPI,182,Group,,/v2/group/deleteGroup,POST,payload-rule,yes,KatchupAPI!Q182,payload,no,"Confirm the method (POST, derived): derived POST from the payload - DELETE is also plausible for this name."
P1,kpost-api,KatchupAPI,184,Kmail,,/v2/kmailSetting/deleteCustomizedInstantReply,POST,payload-rule,yes,KatchupAPI!Q184,payload,no,"Confirm the method (POST, derived): derived POST from the payload - DELETE is also plausible for this name."
P1,kpost-api,KatchupAPI,187,Contacts,,/v2/contacts/updateInviteStatus/,POST,payload-rule,yes,KatchupAPI!Q187,payload,no,"Confirm the method (POST, derived): derived POST from the payload - PUT is also plausible for this name."
P1,kpost-api,KatchupAPI,195,kall,,/v2/kall/modifyKallMembers,POST,payload-rule,yes,KatchupAPI!Q195,payload,no,"Confirm the method (POST, derived): derived POST from the payload - PUT is also plausible for this name."
P1,kpost-api,KatchupAPI,197,Admin,,/v2/admin/updateCompanyDetails,POST,payload-rule,yes,KatchupAPI!Q197,payload,no,"Confirm the method (POST, derived): derived POST from the payload - PUT is also plausible for this name."
P1,kpost-api,KatchupAPI,198,Admin,,/v2/admin/updateBankAccountDetails,POST,payload-rule,yes,KatchupAPI!Q198,payload,no,"Confirm the method (POST, derived): derived POST from the payload - PUT is also plausible for this name."
P1,kpost-api,KatchupAPI,200,Admin,,/v2/admin/updateRole,POST,payload-rule,yes,KatchupAPI!Q200,payload,no,"Confirm the method (POST, derived): derived POST from the payload - PUT is also plausible for this name."
P1,kpost-api,KatchupAPI,210,Login,,/v2/signupLogin/getLoginHistory,POST,payload-rule,yes,KatchupAPI!Q210,payload (sample broken),no,"Confirm the method (POST, derived): derived POST from a payload whose sample JSON does not parse."
P1,kpost-api,KatchupAPI,217,Profile,,/v2/profile/updateSignatureImage,POST,payload-rule,yes,KatchupAPI!Q217,file upload,no,"Confirm the method (POST, derived): derived POST from the payload - PUT is also plausible for this name."
P1,kpost-api,KatchupAPI,224,General Setting,,/generalSetting/katchupNotification,POST,payload-rule,yes,KatchupAPI!Q224,payload (sample broken),no,"Confirm the method (POST, derived): derived POST from a payload whose sample JSON does not parse."
P1,kpost-api,KatchupAPI,225,General Setting,,/generalSetting/kmailNotification,POST,payload-rule,yes,KatchupAPI!Q225,payload (sample broken),no,"Confirm the method (POST, derived): derived POST from a payload whose sample JSON does not parse."
P1,kpost-api,KatchupAPI,226,General Setting,,/generalSetting/kallNotification,POST,payload-rule,yes,KatchupAPI!Q226,payload (sample broken),no,"Confirm the method (POST, derived): derived POST from a payload whose sample JSON does not parse."
P1,kpost-api,KatchupAPI,230,Common,,/v2/common/updateFlutterAppVersion,POST,payload-rule,yes,KatchupAPI!Q230,payload,no,"Confirm the method (POST, derived): derived POST from the payload - PUT is also plausible for this name."
P1,kpost-api,KatchupAPI,234,AI,,/ai/chatResponse,POST,payload-rule,yes,KatchupAPI!Q234,payload (sample broken),no,"Confirm the method (POST, derived): derived POST from a payload whose sample JSON does not parse."
P1,kpost-api,KatchupAPI,237,Kword,,/kword/create,POST,payload-rule,yes,KatchupAPI!Q237,payload (sample broken),no,"Confirm the method (POST, derived): derived POST from a payload whose sample JSON does not parse."
P1,kpost-api,KatchupAPI,249,Profile,,/v2/profile/updatePrivacySettingDetails/,POST,payload-rule,yes,KatchupAPI!Q249,payload,no,"Confirm the method (POST, derived): derived POST from the payload - PUT is also plausible for this name."
P1,kpost-api,KatchupAPI,250,AI,,/ai/messageAssist,POST,payload-rule,yes,KatchupAPI!Q250,payload (sample broken),no,"Confirm the method (POST, derived): derived POST from a payload whose sample JSON does not parse."
P1,kpost-api,KatchupAPI,259,Knews,,/v2/knews/updateKnewsSettings/,POST,payload-rule,yes,KatchupAPI!Q259,payload,no,"Confirm the method (POST, derived): derived POST from the payload - PUT is also plausible for this name."
P1,kpost-api,KatchupAPI,266,Kword,,/kword/update,POST,payload-rule,yes,KatchupAPI!Q266,payload,no,"Confirm the method (POST, derived): derived POST from the payload - PUT is also plausible for this name."
P1,kpost-api,KatchupAPI,268,Kword,,/kword/deleteHeading,POST,payload-rule,yes,KatchupAPI!Q268,payload,no,"Confirm the method (POST, derived): derived POST from the payload - DELETE is also plausible for this name."
P1,kpost-api,Sheet3,15,,,/common/sendOTP/,GET,payload-rule,yes,Sheet3!H15,no payload,yes,"Confirm the method (GET, derived): derived GET because no payload is documented, but ""sendOTP"" reads like a write."
P2,kmail-api,KMAILAPI,5,Kmail,,/common/postBoxContacts/,POST,method-column,yes,KMAILAPI!C5,no payload,yes,"Add the request payload — the method column says POST, which takes one."
P2,kmail-api,KMAILAPI,19,Kmail,,/common/convertMailAsPDF/,POST,method-column,,,no payload,no,Add the request payload (the method column says POST) and a sample response.
P2,kmail-api,KMAILAPI,30,Kmail,,/readMail/referenceMailContent/,POST,method-column,,,payload,no,Add a sample response.
P2,kmail-api,KMAILAPI,38,Kmail,,/kmailSetting/getDigitalSignature,GET,request-note,,,no payload,no,Add a sample response.
P2,kmail-api,KMAILAPI,39,Kmail,,/common/deleteOtherDomainContact/,POST,method-column,,,payload,no,Add a sample response.
P2,kmail-api,KMAILAPI,40,Kmail,,/common/editOtherDomainContactsDetails/,POST,method-column,,,payload,no,Add a sample response.
P2,kmail-api,KMAILAPI,41,Kmail,,/common/knownPostBoxContacts/,POST,method-column,,,payload,no,Add a sample response.
P2,kmail-api,KMAILAPI,42,Kmail,,/common/statusOfKmailsContactsTotalCount/,GET,request-note,,,no payload,no,Add a sample response.
P2,kmail-api,KMAILAPI,45,Kmail,,/v2/sentMail/postMail/,POST,method-column,,,payload,no,Add a sample response.
P2,kmail-api,KMAILAPI,46,Kmail,,/readMail/getCopiesInfo/{kmailID},GET,method-column,,,no payload,no,Add a sample response.
P2,kmail-api,KMAILAPI,47,Kmail,,/v2/aws/generate-presigned-url,POST,method-column,,,payload,no,Add a sample response.
P2,kmail-api,KMAILAPI,48,Kmail,,/v2/readMail/downloadODAttachment,POST,method-column,,,payload,no,Add a sample response.
P2,kmail-api,KMAILAPI,49,Kmail,,/readMail/downloadThumbnail/{uuid},GET,method-column,,,no payload,no,Add a sample response.
P2,kmail-api,KMAILAPI,50,Kmail,,/readMail/mediaStreaming/{uuid},GET,method-column,,,no payload,no,Add a sample response.
P2,kmail-api,KMAILAPI,51,Kmail,,/kmailSetting/deleteCustomizedInstantReply,POST,method-column,,,payload,no,Add a sample response.
P2,kmail-api,KMAILAPI,52,Kmail,,/kmailSetting/saveOrUpdateCustomizedInstantReply,POST,method-column,,,payload,no,Add a sample response.
P2,kmail-api,KMAILAPI,53,Kmail,,/common/kmailGroupReadStatus/,POST,method-column,,,payload,no,Add a sample response.
P2,kmail-api,KMAILAPI,55,Kmail,,/kmailSetting/saveOrUpdateCustomizedSaluations,POST,method-column,,,payload,no,Add a sample response.
P2,kmail-api,KMAILAPI,56,Kmail,,/kmailSetting/deleteCustomizedSaluation,POST,method-column,,,payload,no,Add a sample response.
P2,kmail-api,KMAILAPI,57,Kmail,,/readMail/getKmailDetailsUsingKmailID,POST,method-column,,,payload,no,Add a sample response.
P2,kmail-api,KMAILAPI,60,Kmail,,/kmailSetting/getAllLetterHead,GET,method-column,,,no payload,no,Add a sample response.
P2,kmail-api,KMAILAPI,61,Kmail,,/kmailSetting/setLetterHead,POST,method-column,,,payload,no,Add a sample response.
P2,kmail-api,KMAILAPI,62,Kmail,,/kmailSetting/getLetterHead,GET,method-column,,,no payload,no,Add a sample response.
P2,kmail-api,KMAILAPI,63,Kmail,,/kmailSetting/saveOrUpdateMailSignaturePersonalData,POST,method-column,,,payload,no,Add a sample response.
P2,kmail-api,KMAILAPI,64,Kmail,,/kmailSetting/saveOrUpdateMailSignatureCompanyData,POST,method-column,,,payload,no,Add a sample response.
P2,kmail-api,KMAILAPI,65,Kmail,,/kmailSetting/saveOrUpdateMailSignatureGraphics,POST,method-column,,,payload,no,Add a sample response.
P2,kmail-api,KMAILAPI,66,Kmail,,/kmailSetting/saveOrUpdateMailSignatureStyle,POST,method-column,,,payload,no,Add a sample response.
P2,kmail-api,KMAILAPI,67,Kmail,,/kmailSetting/saveOrUpdateMailSignatureSocialMediaLink,POST,method-column,,,payload,no,Add a sample response.
P2,kmail-api,KMAILAPI,68,Kmail,,/kmailSetting/getMailSignature,GET,method-column,,,no payload,no,Add a sample response.
P2,kmail-api,KMAILAPI,69,Kmail,,/kmailSetting/getLetterHeadTemplate,GET,method-column,,,no payload,no,Add a sample response.
P2,kmail-api,KMAILAPI,70,Kmail,,/kmailSetting/saveOrUpdateMailSignatureTemplateId,POST,method-column,,,payload,no,Add a sample response.
P2,kmail-api,KMAILAPI,71,Kmail,,/kmailSetting/saveOrUpdateMailSignature,POST,method-column,,,payload,no,Add a sample response.
P2,kmail-api,KMAILAPI,72,Kmail,,/kmailSetting/deleteLetterHead,POST,method-column,,,payload,no,Add a sample response.
P2,kmail-api,KMAILAPI,73,Kmail,,/sentMail/postBulkMail,POST,method-column,,,payload,no,Add a sample response.
P2,kmail-api,KMAILAPI,74,Kmail,,/sentMail/bulkMail/status/{fromAddress},GET,method-column,,,no payload,no,Add a sample response.
P2,kmail-api,KMAILAPI,75,Kmail,,/common/getBulkKmailDashboardMsg,POST,method-column,,,payload,text only,Add a sample response.
P2,kmail-api,KMAILAPI,76,Kmail,,/common/getAllMailCount,POST,method-column,,,payload,no,Add a sample response.
P2,kmail-api,KMAILAPI,77,Kmail,,/kmailSetting/updateMailCountDaysLimit,POST,method-column,,,payload,no,Add a sample response.
P2,kmail-api,KMAILAPI,78,Kmail,,/kmailSetting/getMailCountDaysLimit,GET,method-column,,,no payload,no,Add a sample response.
P2,kpost-api,KatchupAPI,65,,download,/v2/katchup/download/{uuid},GET,request-note,,,no payload,text only,Add a sample response.
P2,kpost-api,KatchupAPI,98,profile,,/v2/profile/downloadProfileImage/{kpostID},GET,request-note,,,no payload,no,Add a sample response.
P2,kpost-api,KatchupAPI,103,Group,,/v2/group/downloadGroupProfileImage/{{groupKpostID}/{kpostID},GET,request-note,,,no payload,no,Add a sample response.
P2,kpost-api,KatchupAPI,115,profile,,/v2/profile/downloadCoverImage/{kpostID},GET,request-note,,,no payload,no,Add a sample response.
P2,kpost-api,KatchupAPI,120,katchup,,/v2/katchup/getReferenceMSGDetails/,POST,payload-rule,,KatchupAPI!Q120,payload,no,Add a sample response.
P2,kpost-api,KatchupAPI,121,profile,,/v2/profile/deactivateAccount/,POST,payload-rule,,KatchupAPI!Q121,payload,no,Add a sample response.
P2,kpost-api,KatchupAPI,122,profile,,/v2/profile/sendAccountDeactivationOtp/,GET,request-note,,,no payload,no,Add a sample response.
P2,kpost-api,KatchupAPI,125,profile,,/v2/profile/isDevicePrimaryOrNot/,POST,payload-rule,,KatchupAPI!Q125,payload,no,Add a sample response.
P2,kpost-api,KatchupAPI,127,common,,/v2/common/getFlutterAppVersion/,GET,request-note,,,no payload,no,Add a sample response.
P2,kpost-api,KatchupAPI,128,profile,,/v2/profile/getlanguages/,GET,request-note,,,no payload,no,Add a sample response.
P2,kpost-api,KatchupAPI,129,profile,,/v2/profile/sendPrimaryOrSecondaryDeviceOtp/{requestType},GET,request-note,,,no payload,no,Add a sample response.
P2,kpost-api,KatchupAPI,130,profile,,/v2/profile/setDeviceAsSecondary,POST,payload-rule,,KatchupAPI!Q130,payload,no,Add a sample response.
P2,kpost-api,KatchupAPI,132,generatePresignedUrl KMAIL,,/v2/aws/generate-presigned-url,POST,payload-rule,,KatchupAPI!Q132,payload,no,Add a sample response.
P2,kpost-api,KatchupAPI,133,KMAIL READMAIL,,/kmail5/readMail/getKmailDetailsUsingKmailID/,POST,payload-rule,,KatchupAPI!Q133,payload,no,Add a sample response.
P2,kpost-api,KatchupAPI,134,kmail SENTMAIL,,/kmail5/v2/sentMail/postMail/,POST,payload-rule,,KatchupAPI!Q134,payload,no,Add a sample response.
P2,kpost-api,KatchupAPI,135,katchup,,/v2/katchup/getUnopenedMessagesAndKmailsTotalCount/,GET,request-note,,,no payload,no,Add a sample response.
P2,kpost-api,KatchupAPI,137,KALL,,/v2/kall/fetchScheduledRepeatKall,POST,payload-rule,,KatchupAPI!Q137,payload,no,Add a sample response.
P2,kpost-api,KatchupAPI,138,AWS katchup,,/v2/aws/katchup/generate-presigned-url,POST,payload-rule,,KatchupAPI!Q138,payload,no,Add a sample response.
P2,kpost-api,KatchupAPI,139,katchup,,/v2/katchup/forwardKatchupMessageNew,POST,payload-rule,,KatchupAPI!Q139,payload,no,Add a sample response.
P2,kpost-api,KatchupAPI,140,katchup,,/v2/katchup/sendBulkKatchupMsg,POST,payload-rule,,KatchupAPI!Q140,payload,no,Add a sample response.
P2,kpost-api,KatchupAPI,141,Login,,/v2/signupLogin/userLogout/,POST,payload-rule,,KatchupAPI!Q141,payload,no,Add a sample response.
P2,kpost-api,KatchupAPI,142,Login,,/v2/signupLogin/userLogoutFromAllDevices/,GET,request-note,,,no payload,no,Add a sample response.
P2,kpost-api,KatchupAPI,143,Dashboard,,/v2/dashboard/homeDashboardNewMsgs,POST,payload-rule,,KatchupAPI!Q143,payload,no,Add a sample response.
P2,kpost-api,KatchupAPI,144,AWS katchup,,/v2/aws/checkAttachmentS3/,POST,payload-rule,,KatchupAPI!Q144,payload,no,Add a sample response.
P2,kpost-api,KatchupAPI,145,AWS KMAIL,,/v2/aws/deleteAttachmentFromS3/{uuid},GET,request-note,,,no payload,no,Add a sample response.
P2,kpost-api,KatchupAPI,146,katchup,,/v2/katchup/getKatchupMessagesSubject,GET,request-note,,,no payload,no,Add a sample response.
P2,kpost-api,KatchupAPI,152,Katchup,,/v2/katchup/messageCountBetweenSenderAndReceiver/,POST,payload-rule,,KatchupAPI!Q152,payload,no,Add a sample response.
P2,kpost-api,KatchupAPI,153,Kmail,,/kmail5/v2/readMail/getCopiesInfo/{kmailID},GET,request-note,,,no payload,no,Add a sample response.
P2,kpost-api,KatchupAPI,154,Kloud,,/kmail5/v2/kmailData/getKloudUsedData,GET,request-note,,,no payload,no,Add a sample response.
P2,kpost-api,KatchupAPI,155,Kecommerce,,/v2/ecommerce/getEcommerceDetails/,GET,request-note,,,no payload,no,Add a sample response.
P2,kpost-api,KatchupAPI,156,Katchup,,/v2/katchup/mediaStreaming/{uuid},GET,request-note,,,no payload,no,Add a sample response.
P2,kpost-api,KatchupAPI,157,Integration,,/redbus/tripdetailsV2/,POST,payload-rule,,KatchupAPI!Q157,payload,no,Add a sample response.
P2,kpost-api,KatchupAPI,159,Integration,,/redbus/availabletrips/,POST,payload-rule,,KatchupAPI!Q159,payload,no,Add a sample response.
P2,kpost-api,KatchupAPI,160,Integration,,/redbus/destinations/,POST,payload-rule,,KatchupAPI!Q160,payload,no,Add a sample response.
P2,kpost-api,KatchupAPI,161,Integration,,/redbus/tripdetails/,POST,payload-rule,,KatchupAPI!Q161,payload,no,Add a sample response.
P2,kpost-api,KatchupAPI,162,Integration,,/redbus/blockTicket/{kpostId},POST,payload-rule,,KatchupAPI!Q162,payload,no,Add a sample response.
P2,kpost-api,KatchupAPI,163,Integration,,/redbus/updatecitylist,GET,request-note,,,no payload,no,Add a sample response.
P2,kpost-api,KatchupAPI,164,Integration,,/redbus/boardingPoint/,POST,payload-rule,,KatchupAPI!Q164,payload,no,Add a sample response.
P2,kpost-api,KatchupAPI,166,Katchup,,/v2/signupLogin/setAccessCode,POST,payload-rule,,KatchupAPI!Q166,payload,no,Add a sample response.
P2,kpost-api,KatchupAPI,169,Katchup,,/v2/katchup/getSharedMessageDetails/{msgID},GET,request-note,,,no payload,no,Add a sample response.
P2,kpost-api,KatchupAPI,178,Admin,,/common/downloadCompanyLogo/{companyID},GET,request-note,,,no payload,no,Add a sample response.
P2,kpost-api,KatchupAPI,180,KMail,,/kmail5/v2/readMail/downloadODAttachment,POST,payload-rule,,KatchupAPI!Q180,payload,no,Add a sample response.
P2,kpost-api,KatchupAPI,181,Group,,/kmail5/v2/readMail/downloadODAttachment,GET,request-note,,,no payload,no,Add a sample response.
P2,kpost-api,KatchupAPI,183,Kmail,,/v2/kmailSetting/saveOrUpdateCustomizedInstantReply,POST,payload-rule,,KatchupAPI!Q183,payload,no,Add a sample response.
P2,kpost-api,KatchupAPI,185,profile,,/v2/profile/getUserProfileUsingKpostID/,POST,payload-rule,,KatchupAPI!Q185,payload,no,Add a sample response.
P2,kpost-api,KatchupAPI,186,Kall,,/v2/kall/getKallStatusUsingKallID,POST,payload-rule,,KatchupAPI!Q186,payload,no,Add a sample response.
P2,kpost-api,KatchupAPI,188,profile,,/v2/profile/shareUserDetails,POST,payload-rule,,KatchupAPI!Q188,payload,no,Add a sample response.
P2,kpost-api,KatchupAPI,189,Contacts,,/v2/contacts/blockOrUnBlockMultipleContact,POST,payload-rule,,KatchupAPI!Q189,payload,no,Add a sample response.
P2,kpost-api,KatchupAPI,190,profile,,/v2/profile/downloadFullProfileImage/{kpostID},GET,request-note,,,no payload,no,Add a sample response.
P2,kpost-api,KatchupAPI,191,Group,,/v2/group/downloadGroupFullProfileImage/{{groupkpostID}/{kpostID},GET,request-note,,,no payload,no,Add a sample response.
P2,kpost-api,KatchupAPI,192,Katchup,,/v2/katchup/getAllReportMsg,GET,request-note,,,no payload,no,Add a sample response.
P2,kpost-api,KatchupAPI,193,Katchup,,/v2/katchup/reportAbuse,POST,payload-rule,,KatchupAPI!Q193,payload,no,Add a sample response.
P2,kpost-api,KatchupAPI,194,Katchup,,/v2/katchup/forwardKatchupMultipleMsgs,POST,payload-rule,,KatchupAPI!Q194,payload,no,Add a sample response.
P2,kpost-api,KatchupAPI,196,katchup,,/v2/katchup/forwardMessageBacktrackByMsgID,POST,payload-rule,,KatchupAPI!Q196,payload,no,Add a sample response.
P2,kpost-api,KatchupAPI,199,Admin,,/v2/admin/createKpostIDAndDesignationSuggestion,POST,payload-rule,,KatchupAPI!Q199,payload,no,Add a sample response.
P2,kpost-api,KatchupAPI,201,Common,,/v2/common/getTotalCountByDate,POST,payload-rule,,KatchupAPI!Q201,payload,no,Add a sample response.
P2,kpost-api,KatchupAPI,202,Common,,/v2/common/generateDomainAndUniqueName,POST,payload-rule,,KatchupAPI!Q202,payload,no,Add a sample response.
P2,kpost-api,KatchupAPI,203,Common,,/v2/common/saveEnquiryDetails,POST,payload-rule,,KatchupAPI!Q203,payload,no,Add a sample response.
P2,kpost-api,KatchupAPI,204,Admin,,/admin/getBankAndCompanyDetails/{companyID},GET,request-note,,,no payload,no,Add a sample response.
P2,kpost-api,KatchupAPI,205,Common,,/v2/common/mobileNoExistInsideCompany/,POST,payload-rule,,KatchupAPI!Q205,payload,no,Add a sample response.
P2,kpost-api,KatchupAPI,206,Admin,,/admin/displayNameSuggestion,POST,payload-rule,,KatchupAPI!Q206,payload,no,Add a sample response.
P2,kpost-api,KatchupAPI,207,Kecommerce,,/v2/ecommerce/getAll,GET,request-note,,,no payload,no,Add a sample response.
P2,kpost-api,KatchupAPI,208,Common,,/v2/common/uniqueNameExist,POST,payload-rule,,KatchupAPI!Q208,payload,no,Add a sample response.
P2,kpost-api,KatchupAPI,209,Common,,/v2/common/saveUnsubscriberDetails,POST,payload-rule,,KatchupAPI!Q209,payload,no,Add a sample response.
P2,kpost-api,KatchupAPI,211,signupLoginForMediumAndLarge,,/signupLoginForMediumAndLarge/adminUserLogin,POST,payload-rule,,KatchupAPI!Q211,payload,no,Add a sample response.
P2,kpost-api,KatchupAPI,212,Common,,/v2/common/getCompanyDetailsByAdmin,POST,payload-rule,,KatchupAPI!Q212,payload,no,Add a sample response.
P2,kpost-api,KatchupAPI,213,katchup,,/v2/katchup/searchKatchUpMessageSubject,POST,payload-rule,,KatchupAPI!Q213,payload,no,Add a sample response.
P2,kpost-api,KatchupAPI,214,Profile,,/v2/profile/convertBase64ToImage,POST,payload-rule,,KatchupAPI!Q214,payload,no,Add a sample response.
P2,kpost-api,KatchupAPI,215,Profile,,/v2/profile/uploadImageToS3,POST,payload-rule,,KatchupAPI!Q215,file upload,no,Add a sample response.
P2,kpost-api,KatchupAPI,216,Profile,,/v2/profile/getSignatureImage,GET,request-note,,,no payload,no,Add a sample response.
P2,kpost-api,KatchupAPI,218,katchup,,/v2/katchup/downloadFromS3/{uuid},GET,request-note,,,no payload,no,Add a sample response.
P2,kpost-api,KatchupAPI,219,katchup,,/v2/katchup/sendMessageForForwardSelectedAttachment,POST,payload-rule,,KatchupAPI!Q219,payload,no,Add a sample response.
P2,kpost-api,KatchupAPI,220,Contacts,,/v2/contacts/getblockContactDetails,GET,request-note,,,no payload,no,Add a sample response.
P2,kpost-api,KatchupAPI,221,General Setting,,/generalSetting/fontSetting,POST,payload-rule,,KatchupAPI!Q221,payload,no,Add a sample response.
P2,kpost-api,KatchupAPI,222,General Setting,,/generalSetting/getPersonalize,GET,request-note,,,no payload,no,Add a sample response.
P2,kpost-api,KatchupAPI,223,General Setting,,/generalSetting/changeTheme,POST,payload-rule,,KatchupAPI!Q223,payload,no,Add a sample response.
P2,kpost-api,KatchupAPI,227,General Setting,,/generalSetting/getAllNotification,GET,request-note,,,no payload,no,Add a sample response.
P2,kpost-api,KatchupAPI,228,Katchup,,/v2/katchup/downloadAttachment/{uuid},GET,request-note,,,no payload,no,Add a sample response.
P2,kpost-api,KatchupAPI,229,Katchup,,/v2/katchup/generateThumbnailUsingUUID,POST,payload-rule,,KatchupAPI!Q229,payload,no,Add a sample response.
P2,kpost-api,KatchupAPI,231,Common,,/v2/common/getCompanyDetailsByMobileNoAndproductId,POST,payload-rule,,KatchupAPI!Q231,payload,no,Add a sample response.
P2,kpost-api,KatchupAPI,232,Common,,/v2/common/pinCode,POST,payload-rule,,KatchupAPI!Q232,payload,no,Add a sample response.
P2,kpost-api,KatchupAPI,233,Profile,,/v2/profile/getUserBasicDetailsUsingKpostID,POST,payload-rule,,KatchupAPI!Q233,payload,no,Add a sample response.
P2,kpost-api,KatchupAPI,235,AI,,/ai/sessions,GET,request-note,,,no payload,no,Add a sample response.
P2,kpost-api,KatchupAPI,236,AI,,/ai/messages/1,GET,payload-rule,,KatchupAPI!Q236,no payload,no,Add a sample response.
P2,kpost-api,KatchupAPI,238,Kword,,/kword/saveContent,POST,payload-rule,,KatchupAPI!Q238,payload,no,Add a sample response.
P2,kpost-api,KatchupAPI,239,Kword,,/kword/documents/,GET,request-note,,,no payload,no,Add a sample response.
P2,kpost-api,KatchupAPI,240,Kword,,/kword/documents/{docId},GET,request-note,,,no payload,no,Add a sample response.
P2,kpost-api,KatchupAPI,241,Kword,,/kword/delete?docId={docId},GET,request-note,,,no payload,no,Add a sample response.
P2,kpost-api,KatchupAPI,242,Kword,,/kword/share,POST,payload-rule,,KatchupAPI!Q242,payload,no,Add a sample response.
P2,kpost-api,KatchupAPI,243,KPresentation,,/kpresentation/create,POST,payload-rule,,KatchupAPI!Q243,payload,no,Add a sample response.
P2,kpost-api,KatchupAPI,244,KPresentation,,/kpresentation/savePresentation,POST,payload-rule,,KatchupAPI!Q244,payload,no,Add a sample response.
P2,kpost-api,KatchupAPI,245,KPresentation,,/kpresentation/presentations,GET,request-note,,,no payload,no,Add a sample response.
P2,kpost-api,KatchupAPI,246,KPresentation,,/kpresentation/presentations/{presentationId},GET,request-note,,,no payload,no,Add a sample response.
P2,kpost-api,KatchupAPI,247,KPresentation,,/delete?presentationId={presentationId},GET,request-note,,,no payload,no,Add a sample response.
P2,kpost-api,KatchupAPI,248,Common,,/v2/common/getUserDetailsByMobNo,POST,payload-rule,,KatchupAPI!Q248,payload,no,Add a sample response.
P2,kpost-api,KatchupAPI,251,Common,,/v2/common/getKpostIdUsingModule,POST,payload-rule,,KatchupAPI!Q251,payload,no,Add a sample response.
P2,kpost-api,KatchupAPI,252,Common,,/v2/common/getCompanyNameExistOnKpostAndKsmacc/{companyName},GET,request-note,,,no payload,no,Add a sample response.
P2,kpost-api,KatchupAPI,253,Common,,/v2/common/getStates/,GET,request-note,,,no payload,no,Add a sample response.
P2,kpost-api,KatchupAPI,254,Common,,/v2/common/getCitiesByRegionId/,POST,payload-rule,,KatchupAPI!Q254,payload,no,Add a sample response.
P2,kpost-api,KatchupAPI,255,Knews,,/v2/knews/getAllCategories/,GET,request-note,,,no payload,no,Add a sample response.
P2,kpost-api,KatchupAPI,256,Knews,,/v2/knews/getSubCategoriesByCategoryId/,POST,payload-rule,,KatchupAPI!Q256,payload,no,Add a sample response.
P2,kpost-api,KatchupAPI,257,Knews,,/v2/knews/getPublicationByLanguageId/,POST,payload-rule,,KatchupAPI!Q257,payload,no,Add a sample response.
P2,kpost-api,KatchupAPI,258,Knews,,/v2/knews/getAllNewsSource/,GET,request-note,,,no payload,no,Add a sample response.
P2,kpost-api,KatchupAPI,260,Knews,,/v2/knews/getKnewsSettings/,GET,request-note,,,no payload,no,Add a sample response.
P2,kpost-api,KatchupAPI,261,Kword,,/kword/presence/{docId},GET,request-note,,,no payload,no,Add a sample response.
P2,kpost-api,KatchupAPI,262,Kword,,/kword/joinDocument,POST,payload-rule,,KatchupAPI!Q262,payload,no,Add a sample response.
P2,kpost-api,KatchupAPI,263,Kword,,/kword/exitDocument/{docId},GET,request-note,,,no payload,no,Add a sample response.
P2,kpost-api,KatchupAPI,264,Kword,,/kword/getAccessActivity/{docId},GET,request-note,,,no payload,no,Add a sample response.
P2,kpost-api,KatchupAPI,265,Kword,,/kword/getAllRevision/{docId},GET,request-note,,,no payload,no,Add a sample response.
P2,kpost-api,KatchupAPI,267,Kword,,/kword/isConvertToKad,POST,payload-rule,,KatchupAPI!Q267,payload,no,Add a sample response.
P2,kpost-api,KDIARY,3,KDIARY- Schedule,,/dairySchedule/createSchedule,POST,method-column,,,no payload,yes,"Add the request payload — the method column says POST, which takes one."
P2,kpost-api,KDIARY,4,KDIARY- Schedule,,/dairySchedule/getTodaySchedules,GET,method-column,,,no payload,no,Add a sample response.
P2,kpost-api,KDIARY,6,KDIARY- Schedule,,/dairySchedule/updateEvent,POST,method-column,,,no payload,yes,"Add the request payload — the method column says POST, which takes one."
P2,kpost-api,KDIARY,7,KDIARY- Schedule,,/dairySchedule/getEvents,GET,method-column,,,no payload,text only,Add a sample response.
P2,kpost-api,KDIARY,8,KDIARY- Schedule,,/dairySchedule/getEventDate,POST,method-column,,,no payload,yes,"Add the request payload — the method column says POST, which takes one."
P2,kpost-api,KDIARY,9,KDIARY- Schedule,,/dairySchedule/getEventSelectedDate,POST,method-column,,,no payload,yes,"Add the request payload — the method column says POST, which takes one."
P2,kpost-api,KDIARY,10,KDIARY- Schedule,,/dairySchedule/deleteEvent,POST,method-column,,,no payload,yes,"Add the request payload — the method column says POST, which takes one."
P2,kpost-api,KDIARY,11,KDIARY- Schedule,,/dairySchedule/addparticipants,POST,method-column,,,no payload,yes,"Add the request payload — the method column says POST, which takes one."
P2,kpost-api,KDIARY,12,KDIARY- Schedule,,/dairySchedule/updateScheduleRemarks,POST,method-column,,,no payload,yes,"Add the request payload — the method column says POST, which takes one."
P2,kpost-api,KDIARY,13,KDIARY- Report,,/dairySchedule/saveReport,POST,method-column,,,no payload,yes,"Add the request payload — the method column says POST, which takes one."
P2,kpost-api,KDIARY,14,KDIARY- Report,,/dairySchedule/editReport,POST,method-column,,,no payload,yes,"Add the request payload — the method column says POST, which takes one."
P2,kpost-api,KDIARY,15,KDIARY- Report,,/dairySchedule/getTodayReport,GET,method-column,,,no payload,text only,Add a sample response.
P2,kpost-api,KDIARY,16,KDIARY- Report,,/dairySchedule/editScheduleEvent,POST,method-column,,,no payload,yes,"Add the request payload — the method column says POST, which takes one."
P3,kmail-api,KMAILAPI,15,Kmail,,/common/getAllImportantMails/,POST,method-column,,,payload,text only,"Fix the response sample — it is not valid JSON (prose or `0 or 1 or 2` style alternatives mixed in), so no schema can be inferred."
P3,kmail-api,KMAILAPI,20,Kmail,,/common/selectedContactMails/,POST,method-column,,,payload (sample broken),no,"Fix the request sample — it is not valid JSON (prose or `0 or 1 or 2` style alternatives mixed in), so no schema can be inferred."
P3,kmail-api,KMAILAPI,24,Kmail,,/draft/draftMail/,POST,method-column,,,payload (sample broken),yes,"Fix the request sample — it is not valid JSON (prose or `0 or 1 or 2` style alternatives mixed in), so no schema can be inferred."
P3,kmail-api,KMAILAPI,31,Kmail,,/readMail/sentAndInboxMailContent/,POST,method-column,,,payload (sample broken),yes,"Fix the request sample — it is not valid JSON (prose or `0 or 1 or 2` style alternatives mixed in), so no schema can be inferred."
P3,kmail-api,KMAILAPI,43,Kmail,,/common/clearStatusOfKmailsContacts/,POST,method-column,,,payload (sample broken),no,"Fix the request sample — it is not valid JSON (prose or `0 or 1 or 2` style alternatives mixed in), so no schema can be inferred."
P3,kmail-api,KMAILAPI,44,Kmail,,/draft/draftMailMultiPart,POST,method-column,,,payload (sample broken),no,"Fix the request sample — it is not valid JSON (prose or `0 or 1 or 2` style alternatives mixed in), so no schema can be inferred."
P3,kmail-api,KMAILAPI,54,Kmail,,/common/clearStatusOfAllKmailsContacts,POST,method-column,,,payload (sample broken),no,"Fix the request sample — it is not valid JSON (prose or `0 or 1 or 2` style alternatives mixed in), so no schema can be inferred."
P3,kpost-api,KatchupAPI,70,,,/v2/katchup/downloadThumbnail/{uuid},GET,request-note,,,no payload,text only,"Fix the response sample — it is not valid JSON (prose or `0 or 1 or 2` style alternatives mixed in), so no schema can be inferred."
P3,kpost-api,KatchupAPI,118,katchup,,/v2/katchup/forwardKatchupMessage/,POST,payload-rule,,KatchupAPI!Q118,payload,text only,"Fix the response sample — it is not valid JSON (prose or `0 or 1 or 2` style alternatives mixed in), so no schema can be inferred."
P3,kpost-api,KDIARY,5,KDIARY- Schedule,,/dairySchedule/createEvent,POST,method-column,,,no payload,text only,"Fix the response sample — it is not valid JSON (prose or `0 or 1 or 2` style alternatives mixed in), so no schema can be inferred."
P4,kmail-api,KMAILAPI,37,Kmail,,/common/postBoxContacts/,POST,method-column,,,payload,no,Confirm which row is current (duplicate-of KMAILAPI:R5).
P4,kpost-api,KatchupAPI,6,common,msStatus,/v2/common/msStatus/,GET,payload-rule,,KatchupAPI!Q6,no payload,text only,Confirm which row is current (duplicate-of V2 TESTED APIS:R6).
P4,kpost-api,KatchupAPI,89,KALLv2,,/v2/kall/todayKoolKall/,GET,request-note,,,no payload,yes,Confirm which row is current (duplicate-of KatchupAPI:R78).
P4,kpost-api,KatchupAPI,92,KALLv2,,/v2/kall/frequentKallContacts,GET,request-note,,,no payload,yes,Confirm which row is current (duplicate-of KatchupAPI:R54).
P4,kpost-api,KatchupAPI,93,KALLv2,,/v2/kall/clearKallBykallIds,POST,payload-rule,,KatchupAPI!Q93,payload,yes,Confirm which row is current (duplicate-of KatchupAPI:R56).
P4,kpost-api,KatchupAPI,94,KALLv2,,/v2/kall/clearKallHistory,GET,request-note,,,no payload,yes,Confirm which row is current (duplicate-of KatchupAPI:R57).
P4,kpost-api,KatchupAPI,151,KALL,,/v2/kall/getKallStatus,POST,payload-rule,,KatchupAPI!Q151,payload,no,Confirm which row is current (duplicate-of KatchupAPI:R53).
P4,kpost-api,Sheet3,10,,,/common/mobileNoExist/,POST,payload-rule,,Sheet3!H10,payload,yes,Confirm the v1 row is retired now that a /v2 row exists.
P4,kpost-api,Sheet3,12,,,/signupLogin/signup/,POST,payload-rule,,Sheet3!H12,payload,yes,Confirm the v1 row is retired now that a /v2 row exists.
P4,kpost-api,Sheet3,14,,,/v2/common/sendOTP/,POST,payload-rule,,Sheet3!H14,payload,yes,Confirm which row is current (duplicate-of V2 TESTED APIS:R8).
P4,kpost-api,Sheet3,16,,,/v2/common/validateOTP/,POST,payload-rule,,Sheet3!H16,payload,yes,Confirm which row is current (duplicate-of KatchupAPI:R8).
P4,kpost-api,Sheet3,17,,,/common/validateOTP/,GET,payload-rule,,Sheet3!H17,no payload,yes,Confirm the v1 row is retired now that a /v2 row exists.
P4,kpost-api,Sheet3,19,,,/v2/signupLogin/kpostIdExist/,POST,payload-rule,,Sheet3!H19,payload,yes,Confirm which row is current (duplicate-of KatchupAPI:R15).
P4,kpost-api,Sheet3,20,,,/v2/signupLogin/kpostIdExist/,POST,payload-rule,,Sheet3!H20,payload,yes,Confirm which row is current (duplicate-of KatchupAPI:R15).
P4,kpost-api,Sheet3,22,,,/v2/common/sendOTPtoMail/,POST,payload-rule,,Sheet3!H22,payload,yes,Confirm which row is current (duplicate-of KatchupAPI:R12).
P4,kpost-api,Sheet3,23,,,/v2/common/validateMailOTP/,POST,payload-rule,,Sheet3!H23,payload,yes,Confirm which row is current (duplicate-of KatchupAPI:R13).
P4,kpost-api,Sheet3,24,,,/v2/signupLogin/kpostIDsuggestionList/,POST,payload-rule,,Sheet3!H24,payload,yes,Confirm which row is current (duplicate-of KatchupAPI:R16).
P4,kpost-api,Sheet3,25,,,/v2/signupLogin/fetchUserDetails,POST,payload-rule,,Sheet3!H25,payload,yes,Confirm which row is current (duplicate-of KatchupAPI:R3).
P4,kpost-api,V2 TESTED APIS,5,,,/v2/signupLogin/fetchUserDetails,POST,method-column,,,payload,yes,Confirm which row is current (duplicate-of KatchupAPI:R3).
P4,kpost-api,V2 TESTED APIS,7,,,/v2/profile/changePassword,POST,method-column,,,payload,yes,Confirm which row is current (duplicate-of KatchupAPI:R7).
P4,kpost-api,V2 TESTED APIS,8,,,/v2/common/validateOTP/,POST,method-column,,,payload,yes,Confirm which row is current (duplicate-of KatchupAPI:R8).
P4,kpost-api,V2 TESTED APIS,10,,,/v2/signupLogin/signup/,POST,method-column,,,no payload,no,Confirm which row is current (duplicate-of KatchupAPI:R17).
P4,kpost-api,V2 TESTED APIS,11,,,/v2/common/mobileNoExist/,POST,method-column,,,payload,yes,Confirm which row is current (duplicate-of KatchupAPI:R14).
P5,kmail-api,KMAILAPI,7,Kmail,,/common/statusOfKmailsContacts/,POST,method-column,yes,KMAILAPI!C7,no payload,yes,None — retired (yellow). Confirm it can stay out of scope.
P5,kmail-api,KMAILAPI,21,Kmail,,/sentMail/postMail/,POST,method-column,,,payload (sample broken),yes,None — retired (yellow). Confirm it can stay out of scope.
P5,kmail-api,KMAILAPI,22,Kmail,,/sentMail/postMailMultiPart/,POST,method-column,,,payload,yes,None — retired (yellow). Confirm it can stay out of scope.
P5,kmail-api,KMAILAPI,59,Kmail,,/kmailSetting/letterHeadUpload,POST,method-column,,,file upload,no,None — retired (yellow). Confirm it can stay out of scope.
P5,kpost-api,KatchupAPI,23,KALL,,/v2/dashboard/kallDashboard/,POST,payload-rule,,KatchupAPI!Q23,payload,yes,None — retired (yellow). Confirm it can stay out of scope.
P5,kpost-api,KatchupAPI,24,,,/v2/contacts/katchupContacts,GET,request-note,,,no payload,yes,None — retired (yellow). Confirm it can stay out of scope.
P5,kpost-api,KatchupAPI,29,,,/v2/contacts/fetchAdditionalKatchupContacts/,GET,request-note,,,no payload,yes,None — retired (yellow). Confirm it can stay out of scope.
P5,kpost-api,KatchupAPI,51,KALL,,/v2/kall/initiateKall,POST,payload-rule,yes,KatchupAPI!Q51,payload (sample broken),yes,None — retired (yellow). Confirm it can stay out of scope.
P5,kpost-api,KatchupAPI,52,KALL,,/v2/kall/checkNewKall,GET,request-note,,,no payload,yes,None — retired (yellow). Confirm it can stay out of scope.
P5,kpost-api,KatchupAPI,53,KALL,,/v2/kall/getKallStatus,POST,payload-rule,,KatchupAPI!Q53,payload,yes,None — retired (yellow). Confirm it can stay out of scope.
P5,kpost-api,KatchupAPI,54,KALL,,/v2/kall/frequentKallContacts,GET,request-note,,,no payload,yes,None — retired (yellow). Confirm it can stay out of scope.
P5,kpost-api,KatchupAPI,55,KALL,,/v2/kall/setKallStatus,POST,payload-rule,,KatchupAPI!Q55,payload,yes,None — retired (yellow). Confirm it can stay out of scope.
P5,kpost-api,KatchupAPI,56,KALL,,/v2/kall/clearKallBykallIds,POST,payload-rule,,KatchupAPI!Q56,payload,yes,None — retired (yellow). Confirm it can stay out of scope.
P5,kpost-api,KatchupAPI,57,KALL,,/v2/kall/clearKallHistory,GET,request-note,,,no payload,yes,None — retired (yellow). Confirm it can stay out of scope.
P5,kpost-api,KatchupAPI,58,KALL,,/v2/kall/katchupKall,POST,payload-rule,,KatchupAPI!Q58,payload,yes,None — retired (yellow). Confirm it can stay out of scope.
P5,kpost-api,KatchupAPI,59,KALL,,/v2/kall/joinKatchupKall,POST,payload-rule,,KatchupAPI!Q59,payload,yes,None — retired (yellow). Confirm it can stay out of scope.
P5,kpost-api,KatchupAPI,60,KALL,,/v2/kall/acceptKatchupKall,POST,payload-rule,,KatchupAPI!Q60,payload,yes,None — retired (yellow). Confirm it can stay out of scope.
P5,kpost-api,KatchupAPI,61,KALL,,/v2/kall/addMemberKatchupKall,POST,payload-rule,,KatchupAPI!Q61,payload,yes,None — retired (yellow). Confirm it can stay out of scope.
P5,kpost-api,KatchupAPI,62,KALL,,/v2/kall/cancelScheduleKall,POST,payload-rule,,KatchupAPI!Q62,payload,yes,None — retired (yellow). Confirm it can stay out of scope.
P5,kpost-api,KatchupAPI,63,KALL,,/v2/kall/reScheduleKatchupKall,POST,payload-rule,,KatchupAPI!Q63,payload,yes,None — retired (yellow). Confirm it can stay out of scope.
P5,kpost-api,KatchupAPI,64,KALL,,/v2/kall/reScheduleKatchupKall,POST,payload-rule,,KatchupAPI!Q64,payload,yes,None — retired (yellow). Confirm it can stay out of scope.
P5,kpost-api,KatchupAPI,78,,,/v2/kall/todayKoolKall/,GET,request-note,,,no payload,yes,None — retired (yellow). Confirm it can stay out of scope.
P5,kpost-api,KatchupAPI,79,,,/kmail5/v2/sentMail/postMailMultiPart/,POST,payload-rule,,KatchupAPI!Q79,payload,yes,None — retired (yellow). Confirm it can stay out of scope.
P5,kpost-api,KatchupAPI,86,KALLv2  Kool Kall,,/v2/kall/addMembersToKall,POST,payload-rule,,KatchupAPI!Q86,payload,yes,None — retired (yellow). Confirm it can stay out of scope.
